{"cameraMode":{"drawMode":0,"name":"Shaded","section":"Shading Mode"},"sceneLighting":false,"audioPlay":false,"sceneViewState":{"m_AlwaysRefresh":false,"showFog":true,"showSkybox":false,"showFlares":true,"showImageEffects":true,"showParticleSystems":true,"showVisualEffectGraphs":true,"m_FxEnabled":true},"in2DMode":false,"pivot":{"x":0.012399435043334961,"y":1.4134835004806519,"z":-0.07525914907455445},"rotation":{"x":-0.005453434307128191,"y":-0.993873119354248,"z":0.09060333669185639,"w":-0.061512261629104617},"size":4.250678539276123,"orthographic":false}