{"cameraMode":{"drawMode":0,"name":"Shaded","section":"Shading Mode"},"sceneLighting":false,"audioPlay":false,"sceneViewState":{"m_AlwaysRefresh":false,"showFog":false,"showSkybox":false,"showFlares":false,"showImageEffects":false,"showParticleSystems":false,"showVisualEffectGraphs":true,"m_FxEnabled":true},"in2DMode":false,"pivot":{"x":-0.2852991819381714,"y":2.3123831748962404,"z":-0.2617661952972412},"rotation":{"x":-0.0023378541227430107,"y":-0.9970210790634155,"z":0.036814820021390918,"w":-0.06620237231254578},"size":1.485695719718933,"orthographic":false}