{"cameraMode":{"drawMode":0,"name":"Shaded","section":"Shading Mode"},"sceneLighting":true,"audioPlay":false,"sceneViewState":{"m_AlwaysRefresh":false,"showFog":true,"showSkybox":true,"showFlares":true,"showImageEffects":true,"showParticleSystems":true,"showVisualEffectGraphs":true,"m_FxEnabled":true},"in2DMode":false,"pivot":{"x":23.862834930419923,"y":179.73619079589845,"z":-70.83404541015625},"rotation":{"x":0.610087513923645,"y":0.03702060878276825,"z":-0.028600038960576059,"w":0.7909793257713318},"size":2.396646022796631,"orthographic":false}