{"cameraMode":{"drawMode":0,"name":"Shaded","section":"Shading Mode"},"sceneLighting":true,"audioPlay":false,"sceneViewState":{"m_AlwaysRefresh":false,"showFog":true,"showSkybox":true,"showFlares":true,"showImageEffects":true,"showParticleSystems":true,"showVisualEffectGraphs":true,"m_FxEnabled":true},"in2DMode":false,"pivot":{"x":20.943893432617189,"y":-0.0997161865234375,"z":-2.7794151306152345},"rotation":{"x":0.6237202882766724,"y":0.006073236931115389,"z":-0.004890435375273228,"w":0.7816356420516968},"size":42.11989212036133,"orthographic":false}