{"cameraMode":{"drawMode":0,"name":"Shaded","section":"Shading Mode"},"sceneLighting":true,"audioPlay":false,"sceneViewState":{"m_AlwaysRefresh":false,"showFog":true,"showSkybox":true,"showFlares":true,"showImageEffects":true,"showParticleSystems":true,"showVisualEffectGraphs":true,"m_FxEnabled":true},"in2DMode":false,"pivot":{"x":24.186080932617189,"y":-173.50387573242188,"z":10.745421409606934},"rotation":{"x":0.6989583969116211,"y":-0.008383829146623612,"z":0.008164472877979279,"w":0.7150771021842957},"size":141.924560546875,"orthographic":false}